Subject	Session	Trial	Trial_Iteration	Trial_Start	Trial_End	Left_Object	Left_Probability	Left_Show	LeftBox_Look	LeftObj_Look	LeftLid_Look	Right_Object	Right_Probability	Right_Show	RightBox_Look	RightObj_Look	RightLid_Look
		0	0	1496845624.081839	1496845624.165473	/Users/jennaregister/Libraries/kelpy/kelpy/stimuli/misc/firetruck.png	0.5	True	False	False	False	/Users/jennaregister/Libraries/kelpy/kelpy/stimuli/misc/gears.png	0.75	True	False	False	False
		0	0	1496845624.081839	1496845624.165772	/Users/jennaregister/Libraries/kelpy/kelpy/stimuli/misc/firetruck.png	0.5	True	False	False	False	/Users/jennaregister/Libraries/kelpy/kelpy/stimuli/misc/gears.png	0.75	True	False	False	False
		0	0	1496845624.081839	1496845624.166031	/Users/jennaregister/Libraries/kelpy/kelpy/stimuli/misc/firetruck.png	0.5	True	False	False	False	/Users/jennaregister/Libraries/kelpy/kelpy/stimuli/misc/gears.png	0.75	True	False	False	False
		0	0	1496845624.081839	1496845624.166299	/Users/jennaregister/Libraries/kelpy/kelpy/stimuli/misc/firetruck.png	0.5	True	False	False	False	/Users/jennaregister/Libraries/kelpy/kelpy/stimuli/misc/gears.png	0.75	True	False	False	False
		0	0	1496845624.081839	1496845624.166501	/Users/jennaregister/Libraries/kelpy/kelpy/stimuli/misc/firetruck.png	0.5	True	False	False	False	/Users/jennaregister/Libraries/kelpy/kelpy/stimuli/misc/gears.png	0.75	True	False	False	False
		0	0	1496845624.081839	1496845624.20201	/Users/jennaregister/Libraries/kelpy/kelpy/stimuli/misc/firetruck.png	0.5	True	False	False	False	/Users/jennaregister/Libraries/kelpy/kelpy/stimuli/misc/gears.png	0.75	True	False	False	False
		0	0	1496845624.081839	1496845624.237655	/Users/jennaregister/Libraries/kelpy/kelpy/stimuli/misc/firetruck.png	0.5	True	False	False	False	/Users/jennaregister/Libraries/kelpy/kelpy/stimuli/misc/gears.png	0.75	True	False	False	False
		0	0	1496845624.081839	1496845624.265574	/Users/jennaregister/Libraries/kelpy/kelpy/stimuli/misc/firetruck.png	0.5	True	False	False	False	/Users/jennaregister/Libraries/kelpy/kelpy/stimuli/misc/gears.png	0.75	True	False	False	False
		0	0	1496845624.081839	1496845624.320183	/Users/jennaregister/Libraries/kelpy/kelpy/stimuli/misc/firetruck.png	0.5	True	False	False	False	/Users/jennaregister/Libraries/kelpy/kelpy/stimuli/misc/gears.png	0.75	True	False	False	False
		0	0	1496845624.081839	1496845624.420611	/Users/jennaregister/Libraries/kelpy/kelpy/stimuli/misc/firetruck.png	0.5	True	False	False	False	/Users/jennaregister/Libraries/kelpy/kelpy/stimuli/misc/gears.png	0.75	True	False	False	False
		0	0	1496845624.081839	1496845624.487522	/Users/jennaregister/Libraries/kelpy/kelpy/stimuli/misc/firetruck.png	0.5	True	False	False	False	/Users/jennaregister/Libraries/kelpy/kelpy/stimuli/misc/gears.png	0.75	True	False	False	False
		0	0	1496845624.081839	1496845624.554434	/Users/jennaregister/Libraries/kelpy/kelpy/stimuli/misc/firetruck.png	0.5	True	False	False	False	/Users/jennaregister/Libraries/kelpy/kelpy/stimuli/misc/gears.png	0.75	True	False	False	False
		0	0	1496845624.081839	1496845624.621699	/Users/jennaregister/Libraries/kelpy/kelpy/stimuli/misc/firetruck.png	0.5	True	False	False	False	/Users/jennaregister/Libraries/kelpy/kelpy/stimuli/misc/gears.png	0.75	True	False	False	False
		0	0	1496845624.081839	1496845624.70057	/Users/jennaregister/Libraries/kelpy/kelpy/stimuli/misc/firetruck.png	0.5	True	False	False	False	/Users/jennaregister/Libraries/kelpy/kelpy/stimuli/misc/gears.png	0.75	True	False	False	False
		0	0	1496845624.081839	1496845624.733568	/Users/jennaregister/Libraries/kelpy/kelpy/stimuli/misc/firetruck.png	0.5	True	False	False	False	/Users/jennaregister/Libraries/kelpy/kelpy/stimuli/misc/gears.png	0.75	True	False	False	False
		0	0	1496845624.081839	1496845624.768405	/Users/jennaregister/Libraries/kelpy/kelpy/stimuli/misc/firetruck.png	0.5	True	False	False	False	/Users/jennaregister/Libraries/kelpy/kelpy/stimuli/misc/gears.png	0.75	True	False	False	False
		0	0	1496845624.081839	1496845624.791841	/Users/jennaregister/Libraries/kelpy/kelpy/stimuli/misc/firetruck.png	0.5	True	False	False	False	/Users/jennaregister/Libraries/kelpy/kelpy/stimuli/misc/gears.png	0.75	True	False	False	False
		0	0	1496845624.081839	1496845624.81469	/Users/jennaregister/Libraries/kelpy/kelpy/stimuli/misc/firetruck.png	0.5	True	False	False	False	/Users/jennaregister/Libraries/kelpy/kelpy/stimuli/misc/gears.png	0.75	True	False	False	False
		0	0	1496845624.081839	1496845624.83937	/Users/jennaregister/Libraries/kelpy/kelpy/stimuli/misc/firetruck.png	0.5	True	False	False	False	/Users/jennaregister/Libraries/kelpy/kelpy/stimuli/misc/gears.png	0.75	True	False	False	False
		0	0	1496845624.081839	1496845624.866159	/Users/jennaregister/Libraries/kelpy/kelpy/stimuli/misc/firetruck.png	0.5	True	False	False	False	/Users/jennaregister/Libraries/kelpy/kelpy/stimuli/misc/gears.png	0.75	True	False	False	False
		0	0	1496845624.081839	1496845624.890107	/Users/jennaregister/Libraries/kelpy/kelpy/stimuli/misc/firetruck.png	0.5	True	False	False	False	/Users/jennaregister/Libraries/kelpy/kelpy/stimuli/misc/gears.png	0.75	True	False	False	False
		0	0	1496845624.081839	1496845624.921038	/Users/jennaregister/Libraries/kelpy/kelpy/stimuli/misc/firetruck.png	0.5	True	False	False	False	/Users/jennaregister/Libraries/kelpy/kelpy/stimuli/misc/gears.png	0.75	True	False	False	False
		0	0	1496845624.081839	1496845624.944618	/Users/jennaregister/Libraries/kelpy/kelpy/stimuli/misc/firetruck.png	0.5	True	False	False	False	/Users/jennaregister/Libraries/kelpy/kelpy/stimuli/misc/gears.png	0.75	True	False	False	False
		0	0	1496845624.081839	1496845624.967682	/Users/jennaregister/Libraries/kelpy/kelpy/stimuli/misc/firetruck.png	0.5	True	False	False	False	/Users/jennaregister/Libraries/kelpy/kelpy/stimuli/misc/gears.png	0.75	True	False	False	False
		0	0	1496845624.081839	1496845624.994492	/Users/jennaregister/Libraries/kelpy/kelpy/stimuli/misc/firetruck.png	0.5	True	False	False	False	/Users/jennaregister/Libraries/kelpy/kelpy/stimuli/misc/gears.png	0.75	True	False	False	False
		0	0	1496845624.081839	1496845625.018134	/Users/jennaregister/Libraries/kelpy/kelpy/stimuli/misc/firetruck.png	0.5	True	False	False	False	/Users/jennaregister/Libraries/kelpy/kelpy/stimuli/misc/gears.png	0.75	True	False	False	False
		0	0	1496845624.081839	1496845625.043263	/Users/jennaregister/Libraries/kelpy/kelpy/stimuli/misc/firetruck.png	0.5	True	False	False	False	/Users/jennaregister/Libraries/kelpy/kelpy/stimuli/misc/gears.png	0.75	True	False	False	False
		0	0	1496845624.081839	1496845625.071412	/Users/jennaregister/Libraries/kelpy/kelpy/stimuli/misc/firetruck.png	0.5	True	False	False	False	/Users/jennaregister/Libraries/kelpy/kelpy/stimuli/misc/gears.png	0.75	True	False	False	False
		0	0	1496845624.081839	1496845625.095755	/Users/jennaregister/Libraries/kelpy/kelpy/stimuli/misc/firetruck.png	0.5	True	False	False	False	/Users/jennaregister/Libraries/kelpy/kelpy/stimuli/misc/gears.png	0.75	True	False	False	False
		0	0	1496845624.081839	1496845625.119681	/Users/jennaregister/Libraries/kelpy/kelpy/stimuli/misc/firetruck.png	0.5	True	False	False	False	/Users/jennaregister/Libraries/kelpy/kelpy/stimuli/misc/gears.png	0.75	True	False	False	False
		0	0	1496845624.081839	1496845625.144397	/Users/jennaregister/Libraries/kelpy/kelpy/stimuli/misc/firetruck.png	0.5	True	False	False	False	/Users/jennaregister/Libraries/kelpy/kelpy/stimuli/misc/gears.png	0.75	True	False	False	False
		0	0	1496845624.081839	1496845625.169033	/Users/jennaregister/Libraries/kelpy/kelpy/stimuli/misc/firetruck.png	0.5	True	False	False	False	/Users/jennaregister/Libraries/kelpy/kelpy/stimuli/misc/gears.png	0.75	True	False	False	False
		0	0	1496845624.081839	1496845625.192579	/Users/jennaregister/Libraries/kelpy/kelpy/stimuli/misc/firetruck.png	0.5	True	False	False	False	/Users/jennaregister/Libraries/kelpy/kelpy/stimuli/misc/gears.png	0.75	True	False	False	False
		0	0	1496845624.081839	1496845625.222272	/Users/jennaregister/Libraries/kelpy/kelpy/stimuli/misc/firetruck.png	0.5	True	False	False	False	/Users/jennaregister/Libraries/kelpy/kelpy/stimuli/misc/gears.png	0.75	True	False	False	False
		0	0	1496845624.081839	1496845625.247124	/Users/jennaregister/Libraries/kelpy/kelpy/stimuli/misc/firetruck.png	0.5	True	False	False	False	/Users/jennaregister/Libraries/kelpy/kelpy/stimuli/misc/gears.png	0.75	True	False	False	False
		0	0	1496845624.081839	1496845625.273018	/Users/jennaregister/Libraries/kelpy/kelpy/stimuli/misc/firetruck.png	0.5	True	False	False	False	/Users/jennaregister/Libraries/kelpy/kelpy/stimuli/misc/gears.png	0.75	True	False	False	False
		0	0	1496845624.081839	1496845625.297395	/Users/jennaregister/Libraries/kelpy/kelpy/stimuli/misc/firetruck.png	0.5	True	False	False	False	/Users/jennaregister/Libraries/kelpy/kelpy/stimuli/misc/gears.png	0.75	True	False	False	False
		0	0	1496845624.081839	1496845625.322592	/Users/jennaregister/Libraries/kelpy/kelpy/stimuli/misc/firetruck.png	0.5	True	False	False	False	/Users/jennaregister/Libraries/kelpy/kelpy/stimuli/misc/gears.png	0.75	True	False	False	False
		0	0	1496845624.081839	1496845625.345918	/Users/jennaregister/Libraries/kelpy/kelpy/stimuli/misc/firetruck.png	0.5	True	False	False	False	/Users/jennaregister/Libraries/kelpy/kelpy/stimuli/misc/gears.png	0.75	True	False	False	False
		0	0	1496845624.081839	1496845625.373702	/Users/jennaregister/Libraries/kelpy/kelpy/stimuli/misc/firetruck.png	0.5	True	False	False	False	/Users/jennaregister/Libraries/kelpy/kelpy/stimuli/misc/gears.png	0.75	True	False	False	False
		0	0	1496845624.081839	1496845625.396946	/Users/jennaregister/Libraries/kelpy/kelpy/stimuli/misc/firetruck.png	0.5	True	False	False	False	/Users/jennaregister/Libraries/kelpy/kelpy/stimuli/misc/gears.png	0.75	True	False	False	False
		0	0	1496845624.081839	1496845625.423124	/Users/jennaregister/Libraries/kelpy/kelpy/stimuli/misc/firetruck.png	0.5	True	False	False	False	/Users/jennaregister/Libraries/kelpy/kelpy/stimuli/misc/gears.png	0.75	True	False	False	False
		0	0	1496845624.081839	1496845625.451879	/Users/jennaregister/Libraries/kelpy/kelpy/stimuli/misc/firetruck.png	0.5	True	False	False	False	/Users/jennaregister/Libraries/kelpy/kelpy/stimuli/misc/gears.png	0.75	True	False	False	False
		0	0	1496845624.081839	1496845625.4762	/Users/jennaregister/Libraries/kelpy/kelpy/stimuli/misc/firetruck.png	0.5	True	False	False	False	/Users/jennaregister/Libraries/kelpy/kelpy/stimuli/misc/gears.png	0.75	True	False	False	False
		0	0	1496845624.081839	1496845625.507935	/Users/jennaregister/Libraries/kelpy/kelpy/stimuli/misc/firetruck.png	0.5	True	False	False	False	/Users/jennaregister/Libraries/kelpy/kelpy/stimuli/misc/gears.png	0.75	True	False	False	False
		0	0	1496845624.081839	1496845625.538134	/Users/jennaregister/Libraries/kelpy/kelpy/stimuli/misc/firetruck.png	0.5	True	False	False	False	/Users/jennaregister/Libraries/kelpy/kelpy/stimuli/misc/gears.png	0.75	True	False	False	False
		0	0	1496845624.081839	1496845625.564049	/Users/jennaregister/Libraries/kelpy/kelpy/stimuli/misc/firetruck.png	0.5	True	False	False	False	/Users/jennaregister/Libraries/kelpy/kelpy/stimuli/misc/gears.png	0.75	True	False	False	False
		0	0	1496845624.081839	1496845625.586973	/Users/jennaregister/Libraries/kelpy/kelpy/stimuli/misc/firetruck.png	0.5	True	False	False	False	/Users/jennaregister/Libraries/kelpy/kelpy/stimuli/misc/gears.png	0.75	True	False	False	False
		0	0	1496845624.081839	1496845625.6115	/Users/jennaregister/Libraries/kelpy/kelpy/stimuli/misc/firetruck.png	0.5	True	False	False	False	/Users/jennaregister/Libraries/kelpy/kelpy/stimuli/misc/gears.png	0.75	True	False	False	False
		0	0	1496845624.081839	1496845625.638279	/Users/jennaregister/Libraries/kelpy/kelpy/stimuli/misc/firetruck.png	0.5	True	False	False	False	/Users/jennaregister/Libraries/kelpy/kelpy/stimuli/misc/gears.png	0.75	True	False	False	False
		0	0	1496845624.081839	1496845625.663417	/Users/jennaregister/Libraries/kelpy/kelpy/stimuli/misc/firetruck.png	0.5	True	False	False	False	/Users/jennaregister/Libraries/kelpy/kelpy/stimuli/misc/gears.png	0.75	True	False	False	False
		0	0	1496845624.081839	1496845625.691255	/Users/jennaregister/Libraries/kelpy/kelpy/stimuli/misc/firetruck.png	0.5	True	False	False	False	/Users/jennaregister/Libraries/kelpy/kelpy/stimuli/misc/gears.png	0.75	True	False	False	False
		0	0	1496845624.081839	1496845625.718677	/Users/jennaregister/Libraries/kelpy/kelpy/stimuli/misc/firetruck.png	0.5	True	False	False	False	/Users/jennaregister/Libraries/kelpy/kelpy/stimuli/misc/gears.png	0.75	True	False	False	False
		0	0	1496845624.081839	1496845625.743127	/Users/jennaregister/Libraries/kelpy/kelpy/stimuli/misc/firetruck.png	0.5	True	False	False	False	/Users/jennaregister/Libraries/kelpy/kelpy/stimuli/misc/gears.png	0.75	True	False	False	False
		0	0	1496845624.081839	1496845625.776298	/Users/jennaregister/Libraries/kelpy/kelpy/stimuli/misc/firetruck.png	0.5	True	False	False	False	/Users/jennaregister/Libraries/kelpy/kelpy/stimuli/misc/gears.png	0.75	True	False	False	False
		0	0	1496845624.081839	1496845625.806647	/Users/jennaregister/Libraries/kelpy/kelpy/stimuli/misc/firetruck.png	0.5	True	False	False	False	/Users/jennaregister/Libraries/kelpy/kelpy/stimuli/misc/gears.png	0.75	True	False	False	False
		0	0	1496845624.081839	1496845625.831172	/Users/jennaregister/Libraries/kelpy/kelpy/stimuli/misc/firetruck.png	0.5	True	False	False	False	/Users/jennaregister/Libraries/kelpy/kelpy/stimuli/misc/gears.png	0.75	True	False	False	False
		0	0	1496845624.081839	1496845625.856478	/Users/jennaregister/Libraries/kelpy/kelpy/stimuli/misc/firetruck.png	0.5	True	False	False	False	/Users/jennaregister/Libraries/kelpy/kelpy/stimuli/misc/gears.png	0.75	True	False	False	False
		0	0	1496845624.081839	1496845625.880403	/Users/jennaregister/Libraries/kelpy/kelpy/stimuli/misc/firetruck.png	0.5	True	False	False	False	/Users/jennaregister/Libraries/kelpy/kelpy/stimuli/misc/gears.png	0.75	True	False	False	False
		0	0	1496845624.081839	1496845625.908145	/Users/jennaregister/Libraries/kelpy/kelpy/stimuli/misc/firetruck.png	0.5	True	False	False	False	/Users/jennaregister/Libraries/kelpy/kelpy/stimuli/misc/gears.png	0.75	True	False	False	False
		0	0	1496845624.081839	1496845625.932344	/Users/jennaregister/Libraries/kelpy/kelpy/stimuli/misc/firetruck.png	0.5	True	False	False	False	/Users/jennaregister/Libraries/kelpy/kelpy/stimuli/misc/gears.png	0.75	True	False	False	False
		0	0	1496845624.081839	1496845625.9583	/Users/jennaregister/Libraries/kelpy/kelpy/stimuli/misc/firetruck.png	0.5	True	False	False	False	/Users/jennaregister/Libraries/kelpy/kelpy/stimuli/misc/gears.png	0.75	True	False	False	False
		0	0	1496845624.081839	1496845625.985528	/Users/jennaregister/Libraries/kelpy/kelpy/stimuli/misc/firetruck.png	0.5	True	False	False	False	/Users/jennaregister/Libraries/kelpy/kelpy/stimuli/misc/gears.png	0.75	True	False	False	False
		0	0	1496845624.081839	1496845626.011025	/Users/jennaregister/Libraries/kelpy/kelpy/stimuli/misc/firetruck.png	0.5	True	False	False	False	/Users/jennaregister/Libraries/kelpy/kelpy/stimuli/misc/gears.png	0.75	True	False	False	False
		0	0	1496845624.081839	1496845626.044554	/Users/jennaregister/Libraries/kelpy/kelpy/stimuli/misc/firetruck.png	0.5	True	False	False	False	/Users/jennaregister/Libraries/kelpy/kelpy/stimuli/misc/gears.png	0.75	True	False	False	False
		0	0	1496845624.081839	1496845626.073616	/Users/jennaregister/Libraries/kelpy/kelpy/stimuli/misc/firetruck.png	0.5	True	False	False	False	/Users/jennaregister/Libraries/kelpy/kelpy/stimuli/misc/gears.png	0.75	True	False	False	False
		0	0	1496845624.081839	1496845626.097296	/Users/jennaregister/Libraries/kelpy/kelpy/stimuli/misc/firetruck.png	0.5	True	False	False	False	/Users/jennaregister/Libraries/kelpy/kelpy/stimuli/misc/gears.png	0.75	True	False	False	False
		0	0	1496845624.081839	1496845626.124712	/Users/jennaregister/Libraries/kelpy/kelpy/stimuli/misc/firetruck.png	0.5	True	False	False	False	/Users/jennaregister/Libraries/kelpy/kelpy/stimuli/misc/gears.png	0.75	True	False	False	False
		0	0	1496845624.081839	1496845626.148482	/Users/jennaregister/Libraries/kelpy/kelpy/stimuli/misc/firetruck.png	0.5	True	False	False	False	/Users/jennaregister/Libraries/kelpy/kelpy/stimuli/misc/gears.png	0.75	True	False	False	False
		0	0	1496845624.081839	1496845626.175546	/Users/jennaregister/Libraries/kelpy/kelpy/stimuli/misc/firetruck.png	0.5	True	False	False	False	/Users/jennaregister/Libraries/kelpy/kelpy/stimuli/misc/gears.png	0.75	True	False	False	False
		0	0	1496845624.081839	1496845626.202239	/Users/jennaregister/Libraries/kelpy/kelpy/stimuli/misc/firetruck.png	0.5	True	False	False	False	/Users/jennaregister/Libraries/kelpy/kelpy/stimuli/misc/gears.png	0.75	True	False	False	False
		0	0	1496845624.081839	1496845626.226043	/Users/jennaregister/Libraries/kelpy/kelpy/stimuli/misc/firetruck.png	0.5	True	False	False	False	/Users/jennaregister/Libraries/kelpy/kelpy/stimuli/misc/gears.png	0.75	True	False	False	False
		0	0	1496845624.081839	1496845626.249078	/Users/jennaregister/Libraries/kelpy/kelpy/stimuli/misc/firetruck.png	0.5	True	False	False	False	/Users/jennaregister/Libraries/kelpy/kelpy/stimuli/misc/gears.png	0.75	True	False	False	False
		0	0	1496845624.081839	1496845626.27668	/Users/jennaregister/Libraries/kelpy/kelpy/stimuli/misc/firetruck.png	0.5	True	False	False	False	/Users/jennaregister/Libraries/kelpy/kelpy/stimuli/misc/gears.png	0.75	True	False	False	False
		0	0	1496845624.081839	1496845626.299646	/Users/jennaregister/Libraries/kelpy/kelpy/stimuli/misc/firetruck.png	0.5	True	False	False	False	/Users/jennaregister/Libraries/kelpy/kelpy/stimuli/misc/gears.png	0.75	True	False	False	False
		0	0	1496845624.081839	1496845626.326559	/Users/jennaregister/Libraries/kelpy/kelpy/stimuli/misc/firetruck.png	0.5	True	False	False	False	/Users/jennaregister/Libraries/kelpy/kelpy/stimuli/misc/gears.png	0.75	True	False	False	False
		0	0	1496845624.081839	1496845626.349308	/Users/jennaregister/Libraries/kelpy/kelpy/stimuli/misc/firetruck.png	0.5	True	False	False	False	/Users/jennaregister/Libraries/kelpy/kelpy/stimuli/misc/gears.png	0.75	True	False	False	False
		0	0	1496845624.081839	1496845626.376058	/Users/jennaregister/Libraries/kelpy/kelpy/stimuli/misc/firetruck.png	0.5	True	False	False	False	/Users/jennaregister/Libraries/kelpy/kelpy/stimuli/misc/gears.png	0.75	True	False	False	False
		0	0	1496845624.081839	1496845626.400934	/Users/jennaregister/Libraries/kelpy/kelpy/stimuli/misc/firetruck.png	0.5	True	False	False	False	/Users/jennaregister/Libraries/kelpy/kelpy/stimuli/misc/gears.png	0.75	True	False	False	False
		0	0	1496845624.081839	1496845626.428772	/Users/jennaregister/Libraries/kelpy/kelpy/stimuli/misc/firetruck.png	0.5	True	False	False	False	/Users/jennaregister/Libraries/kelpy/kelpy/stimuli/misc/gears.png	0.75	True	False	False	False
		0	0	1496845624.081839	1496845626.452205	/Users/jennaregister/Libraries/kelpy/kelpy/stimuli/misc/firetruck.png	0.5	True	False	False	False	/Users/jennaregister/Libraries/kelpy/kelpy/stimuli/misc/gears.png	0.75	True	False	False	False
		0	0	1496845624.081839	1496845626.479427	/Users/jennaregister/Libraries/kelpy/kelpy/stimuli/misc/firetruck.png	0.5	True	False	False	False	/Users/jennaregister/Libraries/kelpy/kelpy/stimuli/misc/gears.png	0.75	True	False	False	False
		0	0	1496845624.081839	1496845626.503578	/Users/jennaregister/Libraries/kelpy/kelpy/stimuli/misc/firetruck.png	0.5	True	False	False	False	/Users/jennaregister/Libraries/kelpy/kelpy/stimuli/misc/gears.png	0.75	True	False	False	False
		0	0	1496845624.081839	1496845626.526681	/Users/jennaregister/Libraries/kelpy/kelpy/stimuli/misc/firetruck.png	0.5	True	False	False	False	/Users/jennaregister/Libraries/kelpy/kelpy/stimuli/misc/gears.png	0.75	True	False	False	False
		0	0	1496845624.081839	1496845626.54943	/Users/jennaregister/Libraries/kelpy/kelpy/stimuli/misc/firetruck.png	0.5	True	False	False	False	/Users/jennaregister/Libraries/kelpy/kelpy/stimuli/misc/gears.png	0.75	True	False	False	False
		0	0	1496845624.081839	1496845626.576456	/Users/jennaregister/Libraries/kelpy/kelpy/stimuli/misc/firetruck.png	0.5	True	False	False	False	/Users/jennaregister/Libraries/kelpy/kelpy/stimuli/misc/gears.png	0.75	True	False	False	False
		0	0	1496845624.081839	1496845626.5996	/Users/jennaregister/Libraries/kelpy/kelpy/stimuli/misc/firetruck.png	0.5	True	False	False	False	/Users/jennaregister/Libraries/kelpy/kelpy/stimuli/misc/gears.png	0.75	True	False	False	False
		0	0	1496845624.081839	1496845626.628528	/Users/jennaregister/Libraries/kelpy/kelpy/stimuli/misc/firetruck.png	0.5	True	False	False	False	/Users/jennaregister/Libraries/kelpy/kelpy/stimuli/misc/gears.png	0.75	True	False	False	False
		0	0	1496845624.081839	1496845626.653598	/Users/jennaregister/Libraries/kelpy/kelpy/stimuli/misc/firetruck.png	0.5	True	False	False	False	/Users/jennaregister/Libraries/kelpy/kelpy/stimuli/misc/gears.png	0.75	True	False	False	False
		0	0	1496845624.081839	1496845626.677748	/Users/jennaregister/Libraries/kelpy/kelpy/stimuli/misc/firetruck.png	0.5	True	False	False	False	/Users/jennaregister/Libraries/kelpy/kelpy/stimuli/misc/gears.png	0.75	True	False	False	False
		0	0	1496845624.081839	1496845626.701383	/Users/jennaregister/Libraries/kelpy/kelpy/stimuli/misc/firetruck.png	0.5	True	False	False	False	/Users/jennaregister/Libraries/kelpy/kelpy/stimuli/misc/gears.png	0.75	True	False	False	False
		0	0	1496845624.081839	1496845626.729059	/Users/jennaregister/Libraries/kelpy/kelpy/stimuli/misc/firetruck.png	0.5	True	False	False	False	/Users/jennaregister/Libraries/kelpy/kelpy/stimuli/misc/gears.png	0.75	True	False	False	False
		0	0	1496845624.081839	1496845626.751852	/Users/jennaregister/Libraries/kelpy/kelpy/stimuli/misc/firetruck.png	0.5	True	False	False	False	/Users/jennaregister/Libraries/kelpy/kelpy/stimuli/misc/gears.png	0.75	True	False	False	False
		0	0	1496845624.081839	1496845626.777539	/Users/jennaregister/Libraries/kelpy/kelpy/stimuli/misc/firetruck.png	0.5	True	False	False	False	/Users/jennaregister/Libraries/kelpy/kelpy/stimuli/misc/gears.png	0.75	True	False	False	False
		0	0	1496845624.081839	1496845626.801093	/Users/jennaregister/Libraries/kelpy/kelpy/stimuli/misc/firetruck.png	0.5	True	False	False	False	/Users/jennaregister/Libraries/kelpy/kelpy/stimuli/misc/gears.png	0.75	True	False	False	False
		0	0	1496845624.081839	1496845626.830835	/Users/jennaregister/Libraries/kelpy/kelpy/stimuli/misc/firetruck.png	0.5	True	False	False	False	/Users/jennaregister/Libraries/kelpy/kelpy/stimuli/misc/gears.png	0.75	True	False	False	False
		0	0	1496845624.081839	1496845626.857365	/Users/jennaregister/Libraries/kelpy/kelpy/stimuli/misc/firetruck.png	0.5	True	False	False	False	/Users/jennaregister/Libraries/kelpy/kelpy/stimuli/misc/gears.png	0.75	True	False	False	False
		0	0	1496845624.081839	1496845626.881365	/Users/jennaregister/Libraries/kelpy/kelpy/stimuli/misc/firetruck.png	0.5	True	False	False	False	/Users/jennaregister/Libraries/kelpy/kelpy/stimuli/misc/gears.png	0.75	True	False	False	False
		0	0	1496845624.081839	1496845626.906382	/Users/jennaregister/Libraries/kelpy/kelpy/stimuli/misc/firetruck.png	0.5	True	False	False	False	/Users/jennaregister/Libraries/kelpy/kelpy/stimuli/misc/gears.png	0.75	True	False	False	False
		0	0	1496845624.081839	1496845626.930482	/Users/jennaregister/Libraries/kelpy/kelpy/stimuli/misc/firetruck.png	0.5	True	False	False	False	/Users/jennaregister/Libraries/kelpy/kelpy/stimuli/misc/gears.png	0.75	True	False	False	False
		0	0	1496845624.081839	1496845626.955885	/Users/jennaregister/Libraries/kelpy/kelpy/stimuli/misc/firetruck.png	0.5	True	False	False	False	/Users/jennaregister/Libraries/kelpy/kelpy/stimuli/misc/gears.png	0.75	True	False	False	False
		0	0	1496845624.081839	1496845626.978398	/Users/jennaregister/Libraries/kelpy/kelpy/stimuli/misc/firetruck.png	0.5	True	False	False	False	/Users/jennaregister/Libraries/kelpy/kelpy/stimuli/misc/gears.png	0.75	True	False	False	False
		0	0	1496845624.081839	1496845627.000985	/Users/jennaregister/Libraries/kelpy/kelpy/stimuli/misc/firetruck.png	0.5	True	False	False	False	/Users/jennaregister/Libraries/kelpy/kelpy/stimuli/misc/gears.png	0.75	True	False	False	False
		0	0	1496845624.081839	1496845627.028216	/Users/jennaregister/Libraries/kelpy/kelpy/stimuli/misc/firetruck.png	0.5	True	False	False	False	/Users/jennaregister/Libraries/kelpy/kelpy/stimuli/misc/gears.png	0.75	True	False	False	False
		0	0	1496845624.081839	1496845627.051061	/Users/jennaregister/Libraries/kelpy/kelpy/stimuli/misc/firetruck.png	0.5	True	False	False	False	/Users/jennaregister/Libraries/kelpy/kelpy/stimuli/misc/gears.png	0.75	True	False	False	False
		0	0	1496845624.081839	1496845627.079252	/Users/jennaregister/Libraries/kelpy/kelpy/stimuli/misc/firetruck.png	0.5	True	False	False	False	/Users/jennaregister/Libraries/kelpy/kelpy/stimuli/misc/gears.png	0.75	True	False	False	False
		0	0	1496845624.081839	1496845627.103667	/Users/jennaregister/Libraries/kelpy/kelpy/stimuli/misc/firetruck.png	0.5	True	False	False	False	/Users/jennaregister/Libraries/kelpy/kelpy/stimuli/misc/gears.png	0.75	True	False	False	False
		0	0	1496845624.081839	1496845627.13194	/Users/jennaregister/Libraries/kelpy/kelpy/stimuli/misc/firetruck.png	0.5	True	False	False	False	/Users/jennaregister/Libraries/kelpy/kelpy/stimuli/misc/gears.png	0.75	True	False	False	False
		0	0	1496845624.081839	1496845627.155504	/Users/jennaregister/Libraries/kelpy/kelpy/stimuli/misc/firetruck.png	0.5	True	False	False	False	/Users/jennaregister/Libraries/kelpy/kelpy/stimuli/misc/gears.png	0.75	True	False	False	False
		0	0	1496845624.081839	1496845627.179424	/Users/jennaregister/Libraries/kelpy/kelpy/stimuli/misc/firetruck.png	0.5	True	False	False	False	/Users/jennaregister/Libraries/kelpy/kelpy/stimuli/misc/gears.png	0.75	True	False	False	False
		0	0	1496845624.081839	1496845627.202639	/Users/jennaregister/Libraries/kelpy/kelpy/stimuli/misc/firetruck.png	0.5	True	False	False	False	/Users/jennaregister/Libraries/kelpy/kelpy/stimuli/misc/gears.png	0.75	True	False	False	False
		0	0	1496845624.081839	1496845627.230033	/Users/jennaregister/Libraries/kelpy/kelpy/stimuli/misc/firetruck.png	0.5	True	False	False	False	/Users/jennaregister/Libraries/kelpy/kelpy/stimuli/misc/gears.png	0.75	True	False	False	False
		0	0	1496845624.081839	1496845627.253162	/Users/jennaregister/Libraries/kelpy/kelpy/stimuli/misc/firetruck.png	0.5	True	False	False	False	/Users/jennaregister/Libraries/kelpy/kelpy/stimuli/misc/gears.png	0.75	True	False	False	False
		0	0	1496845624.081839	1496845627.283881	/Users/jennaregister/Libraries/kelpy/kelpy/stimuli/misc/firetruck.png	0.5	True	False	False	False	/Users/jennaregister/Libraries/kelpy/kelpy/stimuli/misc/gears.png	0.75	True	False	False	False
		0	0	1496845624.081839	1496845627.316817	/Users/jennaregister/Libraries/kelpy/kelpy/stimuli/misc/firetruck.png	0.5	True	False	False	False	/Users/jennaregister/Libraries/kelpy/kelpy/stimuli/misc/gears.png	0.75	True	False	False	False
		0	0	1496845624.081839	1496845627.341035	/Users/jennaregister/Libraries/kelpy/kelpy/stimuli/misc/firetruck.png	0.5	True	False	False	False	/Users/jennaregister/Libraries/kelpy/kelpy/stimuli/misc/gears.png	0.75	True	False	False	False
		0	0	1496845624.081839	1496845627.365551	/Users/jennaregister/Libraries/kelpy/kelpy/stimuli/misc/firetruck.png	0.5	True	False	False	False	/Users/jennaregister/Libraries/kelpy/kelpy/stimuli/misc/gears.png	0.75	True	False	False	False
		0	0	1496845624.081839	1496845627.388846	/Users/jennaregister/Libraries/kelpy/kelpy/stimuli/misc/firetruck.png	0.5	True	False	False	False	/Users/jennaregister/Libraries/kelpy/kelpy/stimuli/misc/gears.png	0.75	True	False	False	False
		0	0	1496845624.081839	1496845627.416479	/Users/jennaregister/Libraries/kelpy/kelpy/stimuli/misc/firetruck.png	0.5	True	False	False	False	/Users/jennaregister/Libraries/kelpy/kelpy/stimuli/misc/gears.png	0.75	True	False	False	False
		0	0	1496845624.081839	1496845627.439663	/Users/jennaregister/Libraries/kelpy/kelpy/stimuli/misc/firetruck.png	0.5	True	False	False	False	/Users/jennaregister/Libraries/kelpy/kelpy/stimuli/misc/gears.png	0.75	True	False	False	False
		0	0	1496845624.081839	1496845627.462518	/Users/jennaregister/Libraries/kelpy/kelpy/stimuli/misc/firetruck.png	0.5	True	False	False	False	/Users/jennaregister/Libraries/kelpy/kelpy/stimuli/misc/gears.png	0.75	True	False	False	False
		0	0	1496845624.081839	1496845627.486434	/Users/jennaregister/Libraries/kelpy/kelpy/stimuli/misc/firetruck.png	0.5	True	False	False	False	/Users/jennaregister/Libraries/kelpy/kelpy/stimuli/misc/gears.png	0.75	True	False	False	False
		0	0	1496845624.081839	1496845627.517706	/Users/jennaregister/Libraries/kelpy/kelpy/stimuli/misc/firetruck.png	0.5	True	False	False	False	/Users/jennaregister/Libraries/kelpy/kelpy/stimuli/misc/gears.png	0.75	True	False	False	False
		0	0	1496845624.081839	1496845627.542086	/Users/jennaregister/Libraries/kelpy/kelpy/stimuli/misc/firetruck.png	0.5	True	False	False	False	/Users/jennaregister/Libraries/kelpy/kelpy/stimuli/misc/gears.png	0.75	True	False	False	False
		0	0	1496845624.081839	1496845627.567867	/Users/jennaregister/Libraries/kelpy/kelpy/stimuli/misc/firetruck.png	0.5	True	False	False	False	/Users/jennaregister/Libraries/kelpy/kelpy/stimuli/misc/gears.png	0.75	True	False	False	False
		0	0	1496845624.081839	1496845627.594011	/Users/jennaregister/Libraries/kelpy/kelpy/stimuli/misc/firetruck.png	0.5	True	False	False	False	/Users/jennaregister/Libraries/kelpy/kelpy/stimuli/misc/gears.png	0.75	True	False	False	False
		0	0	1496845624.081839	1496845627.618219	/Users/jennaregister/Libraries/kelpy/kelpy/stimuli/misc/firetruck.png	0.5	True	False	False	False	/Users/jennaregister/Libraries/kelpy/kelpy/stimuli/misc/gears.png	0.75	True	False	False	False
		0	0	1496845624.081839	1496845627.642226	/Users/jennaregister/Libraries/kelpy/kelpy/stimuli/misc/firetruck.png	0.5	True	False	False	False	/Users/jennaregister/Libraries/kelpy/kelpy/stimuli/misc/gears.png	0.75	True	False	False	False
		0	0	1496845624.081839	1496845627.665454	/Users/jennaregister/Libraries/kelpy/kelpy/stimuli/misc/firetruck.png	0.5	True	False	False	False	/Users/jennaregister/Libraries/kelpy/kelpy/stimuli/misc/gears.png	0.75	True	False	False	False
		0	0	1496845624.081839	1496845627.688776	/Users/jennaregister/Libraries/kelpy/kelpy/stimuli/misc/firetruck.png	0.5	True	False	False	False	/Users/jennaregister/Libraries/kelpy/kelpy/stimuli/misc/gears.png	0.75	True	False	False	False
		0	0	1496845624.081839	1496845627.715707	/Users/jennaregister/Libraries/kelpy/kelpy/stimuli/misc/firetruck.png	0.5	True	False	False	False	/Users/jennaregister/Libraries/kelpy/kelpy/stimuli/misc/gears.png	0.75	True	False	False	False
		0	0	1496845624.081839	1496845627.741222	/Users/jennaregister/Libraries/kelpy/kelpy/stimuli/misc/firetruck.png	0.5	True	False	False	False	/Users/jennaregister/Libraries/kelpy/kelpy/stimuli/misc/gears.png	0.75	True	False	False	False
		0	0	1496845624.081839	1496845627.765312	/Users/jennaregister/Libraries/kelpy/kelpy/stimuli/misc/firetruck.png	0.5	True	False	False	False	/Users/jennaregister/Libraries/kelpy/kelpy/stimuli/misc/gears.png	0.75	True	False	False	False
		0	0	1496845624.081839	1496845627.790092	/Users/jennaregister/Libraries/kelpy/kelpy/stimuli/misc/firetruck.png	0.5	True	False	False	False	/Users/jennaregister/Libraries/kelpy/kelpy/stimuli/misc/gears.png	0.75	True	False	False	False
		0	0	1496845624.081839	1496845627.818761	/Users/jennaregister/Libraries/kelpy/kelpy/stimuli/misc/firetruck.png	0.5	True	False	False	False	/Users/jennaregister/Libraries/kelpy/kelpy/stimuli/misc/gears.png	0.75	True	False	False	False
		0	0	1496845624.081839	1496845627.84273	/Users/jennaregister/Libraries/kelpy/kelpy/stimuli/misc/firetruck.png	0.5	True	False	False	False	/Users/jennaregister/Libraries/kelpy/kelpy/stimuli/misc/gears.png	0.75	True	False	False	False
		0	0	1496845624.081839	1496845627.866792	/Users/jennaregister/Libraries/kelpy/kelpy/stimuli/misc/firetruck.png	0.5	True	False	False	False	/Users/jennaregister/Libraries/kelpy/kelpy/stimuli/misc/gears.png	0.75	True	False	False	False
		0	0	1496845624.081839	1496845627.889903	/Users/jennaregister/Libraries/kelpy/kelpy/stimuli/misc/firetruck.png	0.5	True	False	False	False	/Users/jennaregister/Libraries/kelpy/kelpy/stimuli/misc/gears.png	0.75	True	False	False	False
		0	0	1496845624.081839	1496845627.916919	/Users/jennaregister/Libraries/kelpy/kelpy/stimuli/misc/firetruck.png	0.5	True	False	False	False	/Users/jennaregister/Libraries/kelpy/kelpy/stimuli/misc/gears.png	0.75	True	False	False	False
		0	0	1496845624.081839	1496845627.942342	/Users/jennaregister/Libraries/kelpy/kelpy/stimuli/misc/firetruck.png	0.5	True	False	False	False	/Users/jennaregister/Libraries/kelpy/kelpy/stimuli/misc/gears.png	0.75	True	False	False	False
		0	0	1496845624.081839	1496845627.970218	/Users/jennaregister/Libraries/kelpy/kelpy/stimuli/misc/firetruck.png	0.5	True	False	False	False	/Users/jennaregister/Libraries/kelpy/kelpy/stimuli/misc/gears.png	0.75	True	False	False	False
		0	0	1496845624.081839	1496845627.994492	/Users/jennaregister/Libraries/kelpy/kelpy/stimuli/misc/firetruck.png	0.5	True	False	False	False	/Users/jennaregister/Libraries/kelpy/kelpy/stimuli/misc/gears.png	0.75	True	False	False	False
		0	0	1496845624.081839	1496845628.019051	/Users/jennaregister/Libraries/kelpy/kelpy/stimuli/misc/firetruck.png	0.5	True	False	False	False	/Users/jennaregister/Libraries/kelpy/kelpy/stimuli/misc/gears.png	0.75	True	False	False	False
		0	0	1496845624.081839	1496845628.043174	/Users/jennaregister/Libraries/kelpy/kelpy/stimuli/misc/firetruck.png	0.5	True	False	False	False	/Users/jennaregister/Libraries/kelpy/kelpy/stimuli/misc/gears.png	0.75	True	False	False	False
		0	0	1496845624.081839	1496845628.071719	/Users/jennaregister/Libraries/kelpy/kelpy/stimuli/misc/firetruck.png	0.5	True	False	False	False	/Users/jennaregister/Libraries/kelpy/kelpy/stimuli/misc/gears.png	0.75	True	False	False	False
		0	0	1496845624.081839	1496845628.101326	/Users/jennaregister/Libraries/kelpy/kelpy/stimuli/misc/firetruck.png	0.5	True	False	False	False	/Users/jennaregister/Libraries/kelpy/kelpy/stimuli/misc/gears.png	0.75	True	False	False	False
		0	0	1496845624.081839	1496845628.124997	/Users/jennaregister/Libraries/kelpy/kelpy/stimuli/misc/firetruck.png	0.5	True	False	False	False	/Users/jennaregister/Libraries/kelpy/kelpy/stimuli/misc/gears.png	0.75	True	False	False	False
		0	0	1496845624.081839	1496845628.151661	/Users/jennaregister/Libraries/kelpy/kelpy/stimuli/misc/firetruck.png	0.5	True	False	False	False	/Users/jennaregister/Libraries/kelpy/kelpy/stimuli/misc/gears.png	0.75	True	False	False	False
		0	0	1496845624.081839	1496845628.177056	/Users/jennaregister/Libraries/kelpy/kelpy/stimuli/misc/firetruck.png	0.5	True	False	False	False	/Users/jennaregister/Libraries/kelpy/kelpy/stimuli/misc/gears.png	0.75	True	False	False	False
		0	0	1496845624.081839	1496845628.200915	/Users/jennaregister/Libraries/kelpy/kelpy/stimuli/misc/firetruck.png	0.5	True	False	False	False	/Users/jennaregister/Libraries/kelpy/kelpy/stimuli/misc/gears.png	0.75	True	False	False	False
		0	0	1496845624.081839	1496845628.225361	/Users/jennaregister/Libraries/kelpy/kelpy/stimuli/misc/firetruck.png	0.5	True	False	False	False	/Users/jennaregister/Libraries/kelpy/kelpy/stimuli/misc/gears.png	0.75	True	False	False	False
		0	0	1496845624.081839	1496845628.252392	/Users/jennaregister/Libraries/kelpy/kelpy/stimuli/misc/firetruck.png	0.5	True	False	False	False	/Users/jennaregister/Libraries/kelpy/kelpy/stimuli/misc/gears.png	0.75	True	False	False	False
		0	0	1496845624.081839	1496845628.276437	/Users/jennaregister/Libraries/kelpy/kelpy/stimuli/misc/firetruck.png	0.5	True	False	False	False	/Users/jennaregister/Libraries/kelpy/kelpy/stimuli/misc/gears.png	0.75	True	False	False	False
		0	0	1496845624.081839	1496845628.302804	/Users/jennaregister/Libraries/kelpy/kelpy/stimuli/misc/firetruck.png	0.5	True	False	False	False	/Users/jennaregister/Libraries/kelpy/kelpy/stimuli/misc/gears.png	0.75	True	False	False	False
		0	0	1496845624.081839	1496845628.326742	/Users/jennaregister/Libraries/kelpy/kelpy/stimuli/misc/firetruck.png	0.5	True	False	False	False	/Users/jennaregister/Libraries/kelpy/kelpy/stimuli/misc/gears.png	0.75	True	False	False	False
		0	0	1496845624.081839	1496845628.353238	/Users/jennaregister/Libraries/kelpy/kelpy/stimuli/misc/firetruck.png	0.5	True	False	False	False	/Users/jennaregister/Libraries/kelpy/kelpy/stimuli/misc/gears.png	0.75	True	False	False	False
		0	0	1496845624.081839	1496845628.378901	/Users/jennaregister/Libraries/kelpy/kelpy/stimuli/misc/firetruck.png	0.5	True	False	False	False	/Users/jennaregister/Libraries/kelpy/kelpy/stimuli/misc/gears.png	0.75	True	False	False	False
		0	0	1496845624.081839	1496845628.402961	/Users/jennaregister/Libraries/kelpy/kelpy/stimuli/misc/firetruck.png	0.5	True	False	False	False	/Users/jennaregister/Libraries/kelpy/kelpy/stimuli/misc/gears.png	0.75	True	False	False	False
		0	0	1496845624.081839	1496845628.427215	/Users/jennaregister/Libraries/kelpy/kelpy/stimuli/misc/firetruck.png	0.5	True	False	False	False	/Users/jennaregister/Libraries/kelpy/kelpy/stimuli/misc/gears.png	0.75	True	False	False	False
		0	0	1496845624.081839	1496845628.456028	/Users/jennaregister/Libraries/kelpy/kelpy/stimuli/misc/firetruck.png	0.5	True	False	False	False	/Users/jennaregister/Libraries/kelpy/kelpy/stimuli/misc/gears.png	0.75	True	False	False	False
		0	0	1496845624.081839	1496845628.48054	/Users/jennaregister/Libraries/kelpy/kelpy/stimuli/misc/firetruck.png	0.5	True	False	False	False	/Users/jennaregister/Libraries/kelpy/kelpy/stimuli/misc/gears.png	0.75	True	False	False	False
		0	0	1496845624.081839	1496845628.5038	/Users/jennaregister/Libraries/kelpy/kelpy/stimuli/misc/firetruck.png	0.5	True	False	False	False	/Users/jennaregister/Libraries/kelpy/kelpy/stimuli/misc/gears.png	0.75	True	False	False	False
		0	0	1496845624.081839	1496845628.526946	/Users/jennaregister/Libraries/kelpy/kelpy/stimuli/misc/firetruck.png	0.5	True	False	False	False	/Users/jennaregister/Libraries/kelpy/kelpy/stimuli/misc/gears.png	0.75	True	False	False	False
		0	0	1496845624.081839	1496845628.554231	/Users/jennaregister/Libraries/kelpy/kelpy/stimuli/misc/firetruck.png	0.5	True	False	False	False	/Users/jennaregister/Libraries/kelpy/kelpy/stimuli/misc/gears.png	0.75	True	False	False	False
		0	0	1496845624.081839	1496845628.577681	/Users/jennaregister/Libraries/kelpy/kelpy/stimuli/misc/firetruck.png	0.5	True	False	False	False	/Users/jennaregister/Libraries/kelpy/kelpy/stimuli/misc/gears.png	0.75	True	False	False	False
		0	0	1496845624.081839	1496845628.603639	/Users/jennaregister/Libraries/kelpy/kelpy/stimuli/misc/firetruck.png	0.5	True	False	False	False	/Users/jennaregister/Libraries/kelpy/kelpy/stimuli/misc/gears.png	0.75	True	False	False	False
		0	0	1496845624.081839	1496845628.627711	/Users/jennaregister/Libraries/kelpy/kelpy/stimuli/misc/firetruck.png	0.5	True	False	False	False	/Users/jennaregister/Libraries/kelpy/kelpy/stimuli/misc/gears.png	0.75	True	False	False	False
		0	0	1496845624.081839	1496845628.656247	/Users/jennaregister/Libraries/kelpy/kelpy/stimuli/misc/firetruck.png	0.5	True	False	False	False	/Users/jennaregister/Libraries/kelpy/kelpy/stimuli/misc/gears.png	0.75	True	False	False	False
		0	0	1496845624.081839	1496845628.679678	/Users/jennaregister/Libraries/kelpy/kelpy/stimuli/misc/firetruck.png	0.5	True	False	False	False	/Users/jennaregister/Libraries/kelpy/kelpy/stimuli/misc/gears.png	0.75	True	False	False	False
		0	0	1496845624.081839	1496845628.704908	/Users/jennaregister/Libraries/kelpy/kelpy/stimuli/misc/firetruck.png	0.5	True	False	False	False	/Users/jennaregister/Libraries/kelpy/kelpy/stimuli/misc/gears.png	0.75	True	False	False	False
		0	0	1496845624.081839	1496845628.728101	/Users/jennaregister/Libraries/kelpy/kelpy/stimuli/misc/firetruck.png	0.5	True	False	False	False	/Users/jennaregister/Libraries/kelpy/kelpy/stimuli/misc/gears.png	0.75	True	False	False	False
		0	0	1496845624.081839	1496845628.755458	/Users/jennaregister/Libraries/kelpy/kelpy/stimuli/misc/firetruck.png	0.5	True	False	False	False	/Users/jennaregister/Libraries/kelpy/kelpy/stimuli/misc/gears.png	0.75	True	False	False	False
		0	0	1496845624.081839	1496845628.778516	/Users/jennaregister/Libraries/kelpy/kelpy/stimuli/misc/firetruck.png	0.5	True	False	False	False	/Users/jennaregister/Libraries/kelpy/kelpy/stimuli/misc/gears.png	0.75	True	False	False	False
		0	0	1496845624.081839	1496845628.806089	/Users/jennaregister/Libraries/kelpy/kelpy/stimuli/misc/firetruck.png	0.5	True	False	False	False	/Users/jennaregister/Libraries/kelpy/kelpy/stimuli/misc/gears.png	0.75	True	False	False	False
		0	0	1496845624.081839	1496845628.832335	/Users/jennaregister/Libraries/kelpy/kelpy/stimuli/misc/firetruck.png	0.5	True	False	False	False	/Users/jennaregister/Libraries/kelpy/kelpy/stimuli/misc/gears.png	0.75	True	False	False	False
		0	0	1496845624.081839	1496845628.857175	/Users/jennaregister/Libraries/kelpy/kelpy/stimuli/misc/firetruck.png	0.5	True	False	False	False	/Users/jennaregister/Libraries/kelpy/kelpy/stimuli/misc/gears.png	0.75	True	False	False	False
		0	0	1496845624.081839	1496845628.881492	/Users/jennaregister/Libraries/kelpy/kelpy/stimuli/misc/firetruck.png	0.5	True	False	False	False	/Users/jennaregister/Libraries/kelpy/kelpy/stimuli/misc/gears.png	0.75	True	False	False	False
		0	0	1496845624.081839	1496845628.907321	/Users/jennaregister/Libraries/kelpy/kelpy/stimuli/misc/firetruck.png	0.5	True	False	False	False	/Users/jennaregister/Libraries/kelpy/kelpy/stimuli/misc/gears.png	0.75	True	False	False	False
		0	0	1496845624.081839	1496845628.931618	/Users/jennaregister/Libraries/kelpy/kelpy/stimuli/misc/firetruck.png	0.5	True	False	False	False	/Users/jennaregister/Libraries/kelpy/kelpy/stimuli/misc/gears.png	0.75	True	False	False	False
		0	0	1496845624.081839	1496845628.955368	/Users/jennaregister/Libraries/kelpy/kelpy/stimuli/misc/firetruck.png	0.5	True	False	False	False	/Users/jennaregister/Libraries/kelpy/kelpy/stimuli/misc/gears.png	0.75	True	False	False	False
		0	0	1496845624.081839	1496845628.978596	/Users/jennaregister/Libraries/kelpy/kelpy/stimuli/misc/firetruck.png	0.5	True	False	False	False	/Users/jennaregister/Libraries/kelpy/kelpy/stimuli/misc/gears.png	0.75	True	False	False	False
		0	0	1496845624.081839	1496845629.00591	/Users/jennaregister/Libraries/kelpy/kelpy/stimuli/misc/firetruck.png	0.5	True	False	False	False	/Users/jennaregister/Libraries/kelpy/kelpy/stimuli/misc/gears.png	0.75	True	False	False	False
		0	0	1496845624.081839	1496845629.028975	/Users/jennaregister/Libraries/kelpy/kelpy/stimuli/misc/firetruck.png	0.5	True	False	False	False	/Users/jennaregister/Libraries/kelpy/kelpy/stimuli/misc/gears.png	0.75	True	False	False	False
		0	0	1496845624.081839	1496845629.058096	/Users/jennaregister/Libraries/kelpy/kelpy/stimuli/misc/firetruck.png	0.5	True	False	False	False	/Users/jennaregister/Libraries/kelpy/kelpy/stimuli/misc/gears.png	0.75	True	False	False	False
		0	0	1496845624.081839	1496845629.08445	/Users/jennaregister/Libraries/kelpy/kelpy/stimuli/misc/firetruck.png	0.5	True	False	False	False	/Users/jennaregister/Libraries/kelpy/kelpy/stimuli/misc/gears.png	0.75	True	False	False	False
